,USD sensitivity,EUR sensitivity
0,-4447299.174957275,-1483634901.5710573
