,USD sensitivity,EUR sensitivity
0,-4623352.989084244,-1392731715.9215937
